1,Shannon Johnson,"543 Jennifer Rest
North Brent, NV 98647",96532,New Theresafurt,Missouri,Belarus,"67208 Thomas Junctions
Port Georgefort, DE 42713",23225,Carlaville,Maine,Cyprus,"145 Tanner Corner Suite 218
Robertsonborough, PA 17076",14111,South Debra,Montana,French Polynesia,jenniferdavis@example.net,
2,Justin Silva,"8694 Willis Motorway
East Jennifer, MA 25677",73498,North Timothy,Utah,Cayman Islands,"846 Amy Lodge Suite 609
West Matthew, VI 82776",82060,West Cheyenne,Alabama,Dominica,"706 Nicole Walk
Gordonbury, WV 07754",34752,South Richardbury,Nevada,Mauritius,khenry@example.org,
3,Heather Herrera,"99944 Contreras Fields Apt. 473
West Joshuaville, OH 09119",62534,Stephanieburgh,Texas,Guinea,"19674 Ruiz Fords
West Lisaton, MI 48819",16928,Rebekahland,North Dakota,Solomon Islands,"9107 Mitchell Crossroad
Jaimeside, KY 54205",66704,Garciaport,North Carolina,Holy See (Vatican City State),johnsonmichael@example.com,
4,Christopher Alexander,"7831 Skinner Lane Suite 541
Murraymouth, NM 61380",59611,Spencertown,Utah,Holy See (Vatican City State),"38705 Kathleen Center Apt. 330
North Lindachester, FM 05543",38165,South Saraland,Tennessee,Mongolia,"962 Turner Spur Suite 327
Ryanfort, MA 93191",80577,North Suzanne,Vermont,Ethiopia,heathercook@example.net,
5,Johnny Welch,"14082 Reid Grove Suite 150
Port Carlaland, AK 42846",95322,South Dianamouth,New York,Mozambique,"384 Hopkins Greens Suite 949
Hernandezborough, MH 35891",46098,Morganmouth,New Hampshire,Angola,"8099 Aaron Flat Suite 844
South Amandamouth, NV 01437",58261,Krystalport,Georgia,Cook Islands,dillonknight@example.com,
6,Lauren Davis,"30537 Colleen Keys Apt. 485
Shermanport, IL 99156",20582,Joseside,New Mexico,United Kingdom,"17391 Clark Fort
Lake John, CA 62466",49093,Ramosland,Ohio,Moldova,"158 Rogers Ports
South Matthew, NC 05291",38288,South Matthewberg,Tennessee,China,melanie94@example.com,
7,Daniel Ramirez,"Unit 5033 Box 4077
DPO AP 90788",42006,New Victoriachester,Hawaii,Cocos (Keeling) Islands,"15105 Owen Motorway
Simpsonview, VI 31459",18323,Ashleyland,West Virginia,Sudan,"694 Kevin Spur Suite 973
South Johnchester, UT 89151",73814,East Jay,Kansas,Jersey,joseph66@example.com,
8,William West,"41442 Thomas Island Suite 152
West Aaronberg, IN 82772",04901,Nunezstad,South Carolina,Cambodia,"185 Mullins Wall
Lake Joshua, WY 34165",25890,Shannonville,New Mexico,Australia,"737 Michael Island Suite 993
Aprilview, PW 45777",06035,Jonesberg,Michigan,United States Minor Outlying Islands,daniel76@example.net,
9,Rachel Scott,"674 James Village
West Kevin, AS 83205",77236,Jamesborough,Minnesota,Mayotte,"745 Debra Walk Apt. 730
Danielburgh, VI 92712",24787,Gardnerton,Maryland,Saint Lucia,"Unit 1003 Box 7013
DPO AA 82007",62500,Rodriguezfort,Arkansas,Kenya,anthony67@example.org,
10,Rachel Gonzales,"USNV Hernandez
FPO AP 24698",78221,Port Diana,Delaware,Switzerland,"7967 Garcia Harbor Apt. 007
Pittsbury, MS 65069",90364,Dianaside,Minnesota,Serbia,"00597 Smith Village
Mcbrideland, OK 23748",32983,North Karenport,Oklahoma,Finland,lguzman@example.net,
11,Alexander Brewer,"PSC 9025, Box 7337
APO AP 01738",53146,Jameston,Ohio,Thailand,"67139 Sims Estates
Lawrenceport, FM 11232",16944,West Gregoryton,Washington,Romania,"64626 Timothy Cliffs Suite 663
West Ray, NY 88992",89505,Jamesshire,Alaska,Falkland Islands (Malvinas),kcervantes@example.org,
12,Jennifer Murray,"194 Cohen Cliffs Apt. 926
Wolfside, MH 03293",44021,Jessicaville,Michigan,Greece,"8006 Terry Ridge
Washingtonview, OH 37757",22306,Port Rebeccastad,South Carolina,Pitcairn Islands,"536 Chad Villages Apt. 143
North Tonyfurt, ID 68856",30159,New Nicoleberg,Hawaii,Finland,nicole12@example.org,
13,Shane Sanders,"769 Gary Rue Apt. 987
Alexandermouth, WV 24478",57979,Christopherside,Virginia,Bangladesh,"PSC 9108, Box 7236
APO AA 09323",34656,Port Paulport,Iowa,India,"5273 Karen Flats
Lake Tracyview, MD 43372",01277,Brentfort,Texas,Macao,kennedyalexandra@example.org,
14,Anna Burns,"8835 David Lake Apt. 492
North Brittany, UT 99509",27957,Tylerside,New Hampshire,Namibia,"4028 Randall Tunnel
Lake Lisa, WA 46003",26141,Scottborough,Illinois,Heard Island and McDonald Islands,"1140 Amy Mountain Apt. 436
Feliciabury, TN 78893",29786,Jessicabury,Florida,Dominica,rhenson@example.com,
15,Ashley Black,"5498 Johnson Unions
Washingtonside, CA 83236",20617,Gordonside,New Mexico,Denmark,"86242 Munoz Village Apt. 595
Lake Diana, NH 87394",40439,Nancyville,Idaho,Niger,"854 Williams Parks
Sandraville, KS 39693",82105,West Kristy,Louisiana,Trinidad and Tobago,paulrocha@example.com,
16,Adrian Cline,"8414 Young Field Suite 481
Lisamouth, CA 19009",43935,North Jimmyburgh,Nebraska,Netherlands,"44026 Osborne Club Suite 284
Walkerfort, MS 27602",31930,Michaelhaven,Colorado,Finland,"388 Sandra Circle Apt. 254
West Alexisshire, NE 19374",71219,East Jake,Oregon,Guernsey,triciablankenship@example.net,
17,Bridget Wilson,"4557 Braun Crest
Edwardside, ND 43051",09667,Jenniferfort,Utah,Somalia,"05463 Robert Islands
Port Jenniferbury, WV 17064",62837,East Jasonview,South Carolina,Tunisia,"7802 Cook Dam
Gregoryhaven, FL 34918",69786,Katiemouth,Massachusetts,Korea,craiglawrence@example.com,
18,Bryan James,"6233 David Well
Coleville, HI 30085",86616,Thomasborough,Indiana,Moldova,"95166 Diana Islands Apt. 840
Patelberg, MP 96790",09507,New Devin,South Carolina,Bolivia,"24207 Peters Plains Suite 281
Terryberg, NC 81746",58791,New Michaelfurt,New Mexico,Faroe Islands,robertsdonna@example.net,
19,Robert Fox,"66144 Kelly Parkways Apt. 118
New Megan, WA 78420",76307,Johnsonfort,Kansas,Palau,"32817 Fernandez Court
Wrightville, WY 07368",38856,Robertschester,Colorado,United States Virgin Islands,"0183 French Common
Ryanfort, NH 43468",57823,Port Bryan,Kentucky,Finland,turnerkyle@example.net,
20,Douglas Howell,"6558 Lori Cape
Birdfurt, DE 50504",72774,Port Andre,Missouri,Cyprus,"914 Samantha Greens
New Gregory, ME 48378",83999,Rachelland,South Carolina,Saint Vincent and the Grenadines,"Unit 9983 Box 4206
DPO AA 92003",04382,East Jenna,Massachusetts,Cameroon,rreed@example.org,
21,Angela Hanson,"2771 Matthew Land
Brownfurt, NM 32476",88636,Port Jessicashire,Connecticut,Benin,"4182 Wright Place
Port Davidtown, PR 46840",89820,East Michael,South Carolina,Qatar,"24325 Brandon Ranch
South Sheila, MT 56028",42086,Jeffreyton,Mississippi,Malawi,noblejonathan@example.net,
22,John Allen,"0135 Taylor Creek
Valeriemouth, MN 62616",86705,North Heather,Alabama,Nicaragua,"2666 Alexis Inlet Suite 662
North Brenda, PR 93749",82832,West Coreyhaven,Indiana,Papua New Guinea,"087 Jessica Flat Suite 508
East Tina, NC 21813",56761,North Anntown,Delaware,Namibia,pthomas@example.net,
23,Ryan Clark,"PSC 8793, Box 3022
APO AE 42135",23919,Port James,Hawaii,British Indian Ocean Territory (Chagos Archipelago),"06215 Samuel Wall Suite 648
Melanieport, NH 26981",01063,South Travismouth,South Dakota,Angola,"5744 Gregory Center
Port Ginaton, NV 96421",74438,Lopezborough,Iowa,Jersey,lesliemoore@example.org,
24,Troy Morales,"Unit 6767 Box 4091
DPO AA 25480",91652,Amberport,Delaware,Morocco,"65106 Jeremy Field Suite 731
Hoodton, NE 66330",78050,New Davidbury,Oklahoma,Guatemala,"540 Reilly Shores Apt. 716
Kristinberg, DE 98254",49055,Michaelton,Arkansas,Antarctica (the territory South of 60 deg S),aguilarsarah@example.net,
25,Benjamin Melton,"9756 Cox Burgs Suite 586
South Stephenville, NV 21173",74785,Adamsville,Idaho,Saint Barthelemy,"PSC 3518, Box 8394
APO AP 53684",60950,Kimberlytown,Utah,Mauritania,"369 Alan Oval Apt. 353
Danielsbury, KY 54374",55585,New Marie,Maine,Congo,miranda17@example.com,
26,Yolanda Williams,"1325 Johnson Stravenue
Tiffanyshire, VA 65026",94686,West David,Ohio,Bosnia and Herzegovina,"11885 Robert Expressway Suite 907
East Jonathanchester, CA 85245",49952,Richmondburgh,Montana,Vanuatu,"42230 Christensen Avenue Suite 611
South Erikmouth, LA 87964",55100,North Reginaville,Kentucky,Montenegro,garzaheather@example.com,
27,Bailey Davis,"PSC 4592, Box 1774
APO AE 61757",51415,North Jasontown,Alaska,Hungary,"6271 James Streets Apt. 112
Chandlertown, MS 99578",87903,Stevenhaven,South Carolina,Serbia,"768 Hannah Turnpike
Smithburgh, PA 05546",97860,Johnfurt,Iowa,Tanzania,rachelwatts@example.com,
28,Kelly Johnson,"588 Joshua Well
Joshuaside, AS 99932",32916,New Jessicastad,Kentucky,Macao,"7779 Kevin Club Suite 894
Pettytown, SD 53468",80087,West Trevor,New Jersey,Syrian Arab Republic,"57258 Allen Harbors
Contrerasside, MD 58784",73714,South Brian,California,British Virgin Islands,ywilkins@example.com,
29,Sharon Mcclure,"USNV Mcdonald
FPO AP 33973",78004,Port Kimberly,Alaska,Mauritania,"9458 Brittany Row Apt. 889
Port Elizabethchester, PW 38364",31654,Jonesburgh,Connecticut,Saint Pierre and Miquelon,"17967 Jeffrey Center
East Loganton, SC 68544",53091,New Keithfurt,Alabama,Palau,harringtonmarc@example.org,
30,Katelyn Gill,"047 Sosa Route
New Amandabury, NY 57478",03874,Port Alex,Mississippi,San Marino,"190 Robert Ranch Apt. 227
Thompsonstad, ID 73219",48066,Port Devonland,Louisiana,Morocco,"8992 Gray Manors Suite 335
Richardshire, CT 03475",51162,Goodmanhaven,Tennessee,Mali,alambert@example.net,
31,James Donaldson,"71015 Boyd Road
Lake Michaelborough, VI 15022",05535,Stevensonstad,Tennessee,Iraq,"007 Brown Greens Apt. 739
Patricialand, PR 09854",28423,South Christopher,Minnesota,Norway,"42719 Perez Viaduct
New Dawn, WV 49797",47054,New Alexanderstad,Georgia,Serbia,xhall@example.net,
32,Anthony Patterson,"34419 Gilbert Ridges Apt. 938
South Charleneton, MO 17517",07952,East Carla,Colorado,Antarctica (the territory South of 60 deg S),"PSC 9692, Box 8554
APO AP 60657",74601,Branchborough,Iowa,Azerbaijan,"962 Kirk Fort Apt. 089
North Sarah, VI 66425",38205,West Erika,Idaho,Kiribati,gabrielle17@example.net,
33,Sara Smith,"18977 Tina Flats
Rachaelfort, CT 30183",07316,West Deannabury,Maine,Christmas Island,"93530 Jennifer Shoals Suite 846
East Katelyn, WV 91723",17512,Sullivanstad,Tennessee,British Indian Ocean Territory (Chagos Archipelago),"PSC 0136, Box 7529
APO AP 04428",39836,West Sarah,Kentucky,Armenia,hvelazquez@example.net,
34,Courtney Vega,"497 Boyle Stream
West Patriciafort, RI 62560",63675,Davisland,Georgia,Malaysia,"5864 Roman Road Suite 372
Jacquelineville, AK 38616",17123,Meganburgh,Minnesota,Nigeria,"3612 Gerald Shores
Poncetown, IN 69606",33345,West Heatherbury,Georgia,Switzerland,bowmandylan@example.net,
35,Nicole Carter,"2186 Moore Trace Suite 315
Cathyton, MN 48650",68411,New Rodneyton,Wisconsin,Taiwan,"09706 Jerry Spring Apt. 642
East Jennaview, NY 08079",65306,South Nicoleton,Michigan,Niue,"26040 Garcia Estates
Rickyburgh, VT 00512",35882,Alanfort,Colorado,Tunisia,anewton@example.com,
36,Rachael Townsend,"92880 Rogers Spring
Port Curtisville, NC 48505",64290,East Nathanmouth,Nebraska,Palau,"4859 David Green
Garciaside, AR 21389",79431,New Danaside,South Dakota,Malaysia,"4392 Steven Island
South Valerie, AZ 94721",21133,South Eddie,Hawaii,Martinique,tasha98@example.net,
37,Johnathan Bird,"532 Briana Lake Suite 057
Leeland, AR 30109",86146,Amandafort,Pennsylvania,Samoa,"361 Deborah Throughway Suite 281
South Shariport, NM 60506",31085,Pamelatown,Michigan,Brunei Darussalam,"1218 Cook Trace
Lisatown, FL 80602",12798,West Adrianchester,Arkansas,Malta,yesenia17@example.net,
38,Vanessa Suarez,"39260 Brenda Crossroad Apt. 051
Tammymouth, DC 34052",10581,Michaelfort,Utah,Eritrea,"0462 Linda Mills
East Christopherland, DC 62326",32517,South Jason,Washington,Slovakia (Slovak Republic),"10485 Jasmine Keys Suite 899
Josephmouth, MP 24169",48311,North William,Iowa,United States Virgin Islands,thomasgutierrez@example.org,
39,Matthew Jacobson,"046 Clark Villages
Lake Sandraberg, WI 12910",14618,Nancyville,West Virginia,Czech Republic,"121 Miller Turnpike Suite 606
New Patrickhaven, AZ 62778",41600,West Emilyborough,Idaho,Honduras,"463 Blanchard Pine Apt. 187
Ericaburgh, CA 76391",23325,South Michelletown,Virginia,Belgium,tayloremily@example.com,
40,Matthew Garcia,"990 Savannah Isle
West Donfort, MH 91170",32112,Port William,Oregon,Afghanistan,"002 Colleen Light
East Troyside, WY 36227",20214,Jessicaton,Rhode Island,Tunisia,"9353 Benjamin Trace
Lambtown, KY 65670",07846,Kimberlychester,Arizona,Armenia,david03@example.net,
41,Steven Sellers,"8814 Rowland Vista
East Traciehaven, LA 81360",19948,West Jamesborough,Delaware,Rwanda,"6029 Angela Drive Apt. 559
North Samantha, NY 28604",68821,West Lisaville,Minnesota,Bolivia,"84101 Travis Light Suite 435
Dominiquehaven, NH 47999",17774,Francofort,North Dakota,Maldives,kathymendez@example.org,
42,Robert Robbins,"PSC 0892, Box 5235
APO AP 98579",18016,West Lanceton,New York,Barbados,"86461 Wheeler Glens Suite 493
East Gabrielle, AL 80701",36057,Port Rachel,Minnesota,Saint Vincent and the Grenadines,"7258 Victoria Coves
East James, GA 72588",82882,Thompsonside,Hawaii,Fiji,ecox@example.com,
43,Jacob Taylor,"302 William Place Apt. 478
Meagantown, AS 00674",30785,Huntland,Indiana,Colombia,"8004 Roger Terrace Suite 039
Port Jasminechester, WA 20750",01135,Jacksonmouth,Michigan,Congo,"474 Mayo Port
Lake Amanda, DE 08922",40426,Reesehaven,Arkansas,Moldova,jriggs@example.net,
44,Samantha Wheeler,"Unit 3785 Box 0510
DPO AP 55037",45517,Stephaniemouth,Florida,Jordan,"57839 Cynthia Harbors
New Michael, NE 07292",06740,South Travisfurt,Wisconsin,Croatia,"800 Robert Street
Sheriport, MA 34132",23094,North Robertmouth,Nevada,Congo,raventaylor@example.net,
45,Caleb Cannon,"7613 Shawn Forges
Port Jessechester, MH 08585",44619,East Tricia,North Dakota,Jamaica,"071 Castaneda Underpass
Ryanmouth, AZ 71449",48490,Cobbton,Wyoming,Zimbabwe,"5398 Jermaine Stravenue Suite 122
East Kevin, MA 95507",66314,Port Seanport,Mississippi,Japan,danielgonzalez@example.com,
46,Brooke Mclaughlin,"202 Nicholas Course
Faulknertown, WY 94348",06880,North Donald,Missouri,Cocos (Keeling) Islands,"USS Carroll
FPO AE 51064",11126,New Robert,Hawaii,Venezuela,"USS Wilkins
FPO AA 98784",65241,Chambershaven,Wisconsin,Korea,phillip61@example.org,
47,Amanda Harris,"73031 Grace Tunnel Apt. 321
Padillafort, PW 39331",90203,North Richard,Connecticut,Turks and Caicos Islands,"732 Eddie Squares
Lake Patriciafort, SD 49139",07472,Keithport,Nevada,Germany,"USNV Dudley
FPO AE 80987",24933,Port Nicholas,Arkansas,Peru,michael77@example.com,
48,Brent Herring,"56275 Houston Summit
Kimport, IA 21031",16092,Port Debbie,North Dakota,Lebanon,"68190 Washington Parkways Suite 352
North William, WV 04877",31743,South Samuelport,South Carolina,Vanuatu,"PSC 4499, Box 3819
APO AP 01669",13707,New Michael,Oklahoma,Portugal,lgutierrez@example.org,
49,Nathan Winters,"987 Moore Divide
South Lori, PA 25632",49064,New Christineview,Arkansas,Slovakia (Slovak Republic),"09301 Hubbard Court Suite 768
East Michael, TX 50610",11595,Ayersville,Iowa,Nigeria,"367 Wyatt Shore
North Kurt, AS 77117",61988,New Tashaville,Illinois,Ukraine,thomasbailey@example.org,
50,Jordan Bishop,"0090 Michael Heights
West Crystalshire, TN 97010",10650,Lake Jared,Arizona,French Polynesia,"77344 Kirk Forks Apt. 410
Markmouth, FM 87281",12295,New Debra,Utah,Ukraine,"7232 Fowler Lights Apt. 861
Jennifermouth, FL 49673",77729,Gutierrezhaven,Louisiana,Ukraine,jessica33@example.org,
