251,"9619 Elliott Lakes
West Williamstad, OK 61054",,,,34207,South Davidbury,Wisconsin,Turkmenistan,youngerin@example.com,
252,"USNV Rice
FPO AE 66509",,,,63631,Lake Johnshire,New Hampshire,Afghanistan,wortiz@example.com,
253,"3443 Gary Parks Apt. 564
New Deborah, MP 43660",,,,80761,New Davidtown,Texas,Malta,wrightjacqueline@example.com,
254,"87855 James Burgs Suite 978
Rebeccaland, IA 46676",,,,86335,Lake Johnville,Maryland,Iraq,mavila@example.com,
255,"868 Fernandez Views Suite 262
Francochester, IL 42505",,,,05019,Williamville,Missouri,Wallis and Futuna,hortondonald@example.org,
256,"6118 Ryan Ways
North Elizabeth, NE 69795",,,,40160,Jenniferside,Florida,Lesotho,alicia89@example.com,
257,"32283 Dennis Cliffs
Grayland, AL 86086",,,,31827,North Bethville,Delaware,Georgia,christinayang@example.net,
258,"467 Alexis Islands Apt. 871
South Larry, FM 85442",,,,45987,Andreshire,Virginia,Bhutan,chad22@example.net,
259,"5746 Warner Corners Apt. 811
Port Melissa, NM 01538",,,,51662,East Matthewbury,Idaho,Iraq,colleenowens@example.org,
260,"USCGC Harper
FPO AE 96237",,,,04734,Port Charles,Alaska,Bolivia,tinagreene@example.org,
261,"4938 John Camp Apt. 979
Vanessaberg, ME 91337",,,,32108,Cooperchester,Tennessee,Taiwan,toni31@example.org,
262,"007 Hansen Fields Suite 292
Lake Donna, PR 06562",,,,29716,Jessicaberg,Maine,Tajikistan,kristentravis@example.org,
263,"632 Turner Wall
Stacyberg, AZ 32296",,,,42095,Allisonfurt,Connecticut,Austria,harold38@example.org,
264,"5962 Jackson Greens Suite 153
West Philipfort, LA 30415",,,,82855,Colemanbury,Kentucky,Bangladesh,phyllisanderson@example.net,
265,"818 Collins Glens Suite 463
Lake Kristen, SC 53255",,,,39129,Houstonhaven,Montana,Svalbard & Jan Mayen Islands,kimberly67@example.net,
266,"PSC 0949, Box 3379
APO AA 43427",,,,12938,Justinview,Iowa,Tonga,barbarawilliams@example.org,
267,"USNS Howe
FPO AP 34562",,,,40636,Grayville,Wyoming,Panama,elaine35@example.com,
268,"9784 Amy Meadow
Bellchester, NC 89050",,,,36775,Burkehaven,South Carolina,Brazil,rkoch@example.com,
269,"2524 Barry Heights
East Ronald, NV 92394",,,,90779,Port Brian,California,Syrian Arab Republic,lstone@example.org,
270,"USS Cannon
FPO AE 70386",,,,18502,Leeview,Idaho,Cote d'Ivoire,ypratt@example.net,
271,"35446 Morse Garden Apt. 931
Lake Debbie, AR 35623",,,,17337,New David,Utah,Cambodia,haydenmorales@example.org,
272,"6374 Perry Crest
Stewarthaven, VI 94188",,,,37876,Phyllisville,Massachusetts,Niue,daniel43@example.org,
273,"011 Julie Summit
West Josephmouth, PA 05909",,,,60304,West Jasonton,Virginia,Korea,villanuevajennifer@example.org,
274,"04694 Kimberly Wells Apt. 869
West Mary, MH 57224",,,,91678,Henryfurt,South Carolina,Cocos (Keeling) Islands,jennifer96@example.com,
275,"09874 Scott Rapids
Thomasland, ID 77458",,,,12660,Lake Cathyton,New York,Iran,cbishop@example.com,
276,"88128 Chandler Track Suite 625
New Donnamouth, GU 42545",,,,55755,Port Jody,North Carolina,Botswana,erikawhite@example.org,
277,"8845 Walls Forge Apt. 828
Codyborough, FM 27892",,,,58058,Tammyton,Hawaii,Marshall Islands,ekelly@example.com,
278,"84142 Gabriel Falls Apt. 861
Geneside, CO 28634",,,,90160,Mcdonaldchester,Idaho,Yemen,fernandohoward@example.org,
279,"840 Pearson Streets
Danaside, OK 41812",,,,34282,East Jenniferburgh,Georgia,North Macedonia,lauren58@example.org,
280,"114 Todd Corners Suite 299
Danielfurt, TX 73512",,,,24086,Patrickstad,Rhode Island,Nauru,thompsontiffany@example.com,
281,"6677 Mueller Knoll Suite 004
Williamsfort, NH 33544",,,,89228,Macdonaldmouth,Oklahoma,Ecuador,vhorne@example.com,
282,"336 Cody Ports Apt. 758
Cervantestown, MO 74396",,,,61919,West Sarah,Kansas,Cook Islands,mendozaryan@example.net,
283,"3651 Kelly Falls Suite 580
East Kelly, KY 66500",,,,88404,Andreafurt,New Jersey,Denmark,scott23@example.com,
284,"476 Tonya Centers Suite 025
New Shawnberg, PW 99594",,,,65644,Ericksonside,Arkansas,Turks and Caicos Islands,savannah91@example.org,
285,"00258 Henry Isle Suite 413
Johnchester, NH 84682",,,,66062,Trujillomouth,California,Moldova,wendymathews@example.org,
286,"01912 Reynolds Passage Suite 811
Alexandermouth, IL 32093",,,,62416,New Shanemouth,Texas,New Caledonia,josephparker@example.com,
287,"Unit 4958 Box 9940
DPO AP 19991",,,,28165,Millerstad,Connecticut,Austria,lee62@example.com,
288,"38750 Hill Square Apt. 183
New Brandon, MI 12200",,,,26806,West Stephanie,Virginia,Christmas Island,rushalyssa@example.com,
289,"202 James River Apt. 819
North Johnny, TX 18393",,,,33867,Lake Alextown,Nevada,British Indian Ocean Territory (Chagos Archipelago),mandypatel@example.org,
290,"7497 Wilson Fall
Kleinland, AR 26248",,,,16253,Jeffreyberg,California,Gambia,michael18@example.com,
291,"001 Newton Valley Apt. 334
Williamfurt, PR 79841",,,,39694,East Davidchester,West Virginia,Turks and Caicos Islands,uruiz@example.org,
292,"833 Thompson Plains
East Abigail, CO 04982",,,,50854,Stevenshire,Maine,Myanmar,hdougherty@example.net,
293,"243 Randall Tunnel
Guzmanside, FL 14153",,,,64670,Nealland,Massachusetts,Mongolia,newtonstephanie@example.com,
294,"8575 Regina Plains Apt. 392
New Chelseamouth, KS 49474",,,,97121,Christophermouth,Wisconsin,Timor-Leste,benjaminamanda@example.com,
295,"35668 Jason Ridge
South Shanetown, MP 98429",,,,65171,Goodmanshire,Michigan,Dominica,stevensrodney@example.com,
296,"USNS Holmes
FPO AA 82623",,,,02294,West Linda,Maine,Liechtenstein,ginamann@example.com,
297,"60575 Jenny Locks Suite 165
Browningside, MH 03526",,,,09995,South Andrew,Michigan,Serbia,millerkyle@example.com,
298,"37884 Francis Ridges
Hallberg, DC 95947",,,,97021,New Greg,Tennessee,Albania,karen20@example.org,
299,"170 Murphy Station
Cassandramouth, ID 69472",,,,50445,Karlatown,Kansas,Latvia,valeriewilliams@example.org,
300,"PSC 9988, Box 9241
APO AA 56326",,,,19490,South Laura,Nevada,Cocos (Keeling) Islands,luismorton@example.com,
